-- phpMyAdmin SQL Dump
-- version 3.5.2
-- http://www.phpmyadmin.net
--
-- Host: localhost
-- Generation Time: Apr 11, 2013 at 03:56 PM
-- Server version: 5.5.25a
-- PHP Version: 5.4.4

SET SQL_MODE="NO_AUTO_VALUE_ON_ZERO";
SET time_zone = "+00:00";


/*!40101 SET @OLD_CHARACTER_SET_CLIENT=@@CHARACTER_SET_CLIENT */;
/*!40101 SET @OLD_CHARACTER_SET_RESULTS=@@CHARACTER_SET_RESULTS */;
/*!40101 SET @OLD_COLLATION_CONNECTION=@@COLLATION_CONNECTION */;
/*!40101 SET NAMES utf8 */;

--
-- Database: `rateworks`
--

-- --------------------------------------------------------

--
-- Table structure for table `comments`
--

CREATE TABLE IF NOT EXISTS `comments` (
  `id` int(10) NOT NULL AUTO_INCREMENT,
  `text` varchar(1000) NOT NULL,
  `upvote` int(11) NOT NULL,
  `downvote` int(11) NOT NULL,
  `user_id` int(10) NOT NULL,
  `entry_id` int(11) NOT NULL,
  `created` datetime DEFAULT NULL,
  `modified` datetime DEFAULT NULL,
  PRIMARY KEY (`id`)
) ENGINE=InnoDB  DEFAULT CHARSET=latin1 AUTO_INCREMENT=37 ;

--
-- Dumping data for table `comments`
--

INSERT INTO `comments` (`id`, `text`, `upvote`, `downvote`, `user_id`, `entry_id`, `created`, `modified`) VALUES
(17, 'tet clita kasd gubergren, no sea takimata sanctus est Lorem ipsum dolor sit amet. Lorem ipsum dolor sit amet, consetetur sadipscing elitr, sed diam nonumy eirmod tempor invidunt ut labore et dolore ma', 0, 0, 1, 1, '2013-04-02 18:27:56', '2013-04-02 18:27:56'),
(18, 'At vero eos et accusam et justo duo dolores et ea rebum. Stet clita kasd gubergren, no sea takimata sanctus est Lorem ipsum dolor sit amet.', 0, 0, 1, 3, '2013-04-02 18:31:25', '2013-04-02 18:31:25'),
(20, 'At vero eos et accusamus et iusto odio dignissimos ducimus qui blanditiis praesentium voluptatum deleniti atque corrupti quos dolores et quas molestias excepturi sint occaecati cupiditate non providen', 0, 0, 61, 1, '2013-04-02 18:33:14', '2013-04-02 18:33:14'),
(21, 'But I must explain to you how all this mistaken idea of denouncing pleasure and praising pain was born and I will give you a complete account of the system, and expound the actual teachings of the gre', 0, 0, 61, 3, '2013-04-02 18:36:44', '2013-04-02 18:36:44'),
(22, 'On the other hand, we denounce with righteous indignation and dislike men who are so beguiled and demoralized by the charms of', 0, 0, 62, 1, '2013-04-02 18:40:20', '2013-04-02 18:40:20'),
(23, 'On the other hand, we denounce with righteous indignation and dislike men who are so beguiled and demoralized by the charms of', 0, 0, 62, 2, '2013-04-02 18:40:37', '2013-04-02 18:40:37'),
(24, 'No one rejects, dislikes, or avoids pleasure itself, because it is pleasure, but because those who do not know how to pursue pleasure rationally encounter consequences that are extremely painful. Nor ', 0, 0, 62, 2, '2013-04-02 18:40:50', '2013-04-02 18:40:50'),
(25, 'Lorem ipsum dolor sit amet, consetetur sadipscing elitr, sed diam nonumy eirmod tempor invidunt ut labore et dolore magna aliquyam erat, sed diam voluptua. At vero eos et accusam et justo duo dolores ', 0, 0, 62, 3, '2013-04-03 10:33:52', '2013-04-03 10:33:52'),
(26, 'The role of the HtmlHelper in CakePHP is to make HTML-related options easier, faster, and more resilient to change. Using this helper will enable your application to be more light on its feet, and mor', 0, 0, 62, 1, '2013-04-03 11:07:25', '2013-04-03 11:07:25'),
(27, 'The role of the HtmlHelper in CakePHP is to make HTML-related options easier, faster, and more resilient to change. Using this helper will enable your application to be more light on its feet, and more flexible on where it is placed in relation to the root of a domain.\r\n\r\nMany HtmlHelper methods include a $htmlAttributes parameter, that allow you to tack on any extra attributes on your tags. Here are a few examples of how to use the $htmlAttributes parameter:', 0, 0, 62, 1, '2013-04-03 11:12:10', '2013-04-03 11:12:10'),
(28, 'test test hallo muhuhuhu jaa genau so schön sehr gut', 0, 0, 1, 1, '2013-04-04 15:28:44', '2013-04-04 15:28:44'),
(31, 'Das hier ist der erste Absatz in dem ich einfach mal ein bisschen Text schreibe\r\n\r\nDas hier ist der Zweite', 0, 0, 61, 1, '2013-04-04 15:48:04', '2013-04-04 15:48:04'),
(32, 'Uttraüberlangesuperwörter Ultraüberlangesuperwörter', 0, 0, 61, 1, '2013-04-04 15:52:23', '2013-04-04 15:52:23'),
(34, 'hallo', 0, 0, 63, 1, '2013-04-04 17:22:14', '2013-04-04 17:22:14'),
(35, 'huhu', 0, 0, 1, 1, '2013-04-05 14:01:19', '2013-04-05 14:01:19'),
(36, 'huhu', 0, 0, 1, 1, '2013-04-05 14:01:35', '2013-04-05 14:01:35');

-- --------------------------------------------------------

--
-- Table structure for table `entries`
--

CREATE TABLE IF NOT EXISTS `entries` (
  `id` int(11) NOT NULL AUTO_INCREMENT,
  `projectlink` varchar(300) NOT NULL,
  `name` varchar(50) NOT NULL,
  `description` varchar(300) NOT NULL,
  `degree` text NOT NULL,
  `rdegree` int(11) NOT NULL,
  `usability` text NOT NULL,
  `rusability` int(11) NOT NULL,
  `highlights` text NOT NULL,
  `links` text NOT NULL,
  `domain` text NOT NULL,
  `created` date NOT NULL,
  `rtotal` int(10) NOT NULL,
  `framework_id` int(11) NOT NULL,
  `user_id` int(11) NOT NULL,
  PRIMARY KEY (`id`)
) ENGINE=InnoDB  DEFAULT CHARSET=latin1 AUTO_INCREMENT=4 ;

--
-- Dumping data for table `entries`
--

INSERT INTO `entries` (`id`, `projectlink`, `name`, `description`, `degree`, `rdegree`, `usability`, `rusability`, `highlights`, `links`, `domain`, `created`, `rtotal`, `framework_id`, `user_id`) VALUES
(1, 'www.google.de', 'RateWorks', 'Anwendung um Frameworks zu bewerten', 'Lorem ipsum dolor sit amet, consetetur sadipscing elitr, sed diam nonumy eirmod tempor invidunt ut labore et dolore magna aliquyam erat, sed diam voluptua. At vero eos et accusam et justo duo dolores et ea rebum. Stet clita kasd gubergren, no sea takimata sanctus est Lorem ipsum dolor sit amet. Lorem ipsum dolor sit amet, consetetur sadipscing elitr, sed diam nonumy eirmod tempor invidunt ut labore et dolore magna aliquyam erat, sed diam voluptua. At vero eos et accusam et justo duo dolores et ea rebum. Stet clita kasd gubergren, no sea takimata sanctus est Lorem ipsum dolor sit amet.', 4, 'Lorem ipsum dolor sit amet, consetetur sadipscing elitr, sed diam nonumy eirmod tempor invidunt ut labore et dolore magna aliquyam erat, sed diam voluptua. At vero eos et accusam et justo duo dolores et ea rebum. Stet clita kasd gubergren, no sea takimata sanctus est Lorem ipsum dolor sit amet. Lorem ipsum dolor sit amet, consetetur sadipscing elitr, sed diam nonumy eirmod tempor invidunt ut labore et dolore magna aliquyam erat, sed diam voluptua. At vero eos et accusam et justo duo dolores et ea rebum. Stet clita kasd gubergren, no sea takimata sanctus est Lorem ipsum dolor sit amet.', 4, 'Lorem ipsum dolor sit amet, consetetur sadipscing elitr, sed diam nonumy eirmod tempor invidunt ut labore et dolore magna aliquyam erat, sed diam voluptua. At vero eos et accusam et justo duo dolores et ea rebum. Stet clita kasd gubergren, no sea takimata sanctus est Lorem ipsum dolor sit amet. Lorem ipsum dolor sit amet, consetetur sadipscing elitr, sed diam nonumy eirmod tempor invidunt ut labore et dolore magna aliquyam erat, sed diam voluptua. At vero eos et accusam et justo duo dolores et ea rebum. Stet clita kasd gubergren, no sea takimata sanctus est Lorem ipsum dolor sit amet.', 'www.test.de', 'Lorem ipsum dolor sit amet, consetetur sadipscing elitr, sed diam nonumy eirmod tempor invidunt ut labore et dolore magna aliquyam erat, sed diam voluptua. At vero eos et accusam et justo duo dolores et ea rebum. Stet clita kasd gubergren, no sea takimata sanctus est Lorem ipsum dolor sit amet. Lorem ipsum dolor sit amet, consetetur sadipscing elitr, sed diam nonumy eirmod tempor invidunt ut labore et dolore magna aliquyam erat, sed diam voluptua. At vero eos et accusam et justo duo dolores et ea rebum. Stet clita kasd gubergren, no sea takimata sanctus est Lorem ipsum dolor sit amet.', '2013-04-02', 4, 1, 1),
(2, 'www.hartesprojekt.de', 'Testdatensatz1', 'Lorem Ipsum', 'Lorem ipsum dolor sit amet, consetetur sadipscing elitr, sed diam nonumy eirmod tempor invidunt ut labore et dolore magna aliquyam erat, sed diam voluptua. At vero eos et accusam et justo duo dolores et ea rebum. Stet clita kasd gubergren, no sea takimata sanctus est Lorem ipsum dolor sit amet. Lorem ipsum dolor sit amet, consetetur sadipscing elitr, sed diam nonumy eirmod tempor invidunt ut labore et dolore magna aliquyam erat, sed diam voluptua. At vero eos et accusam et justo duo dolores et ea rebum. Stet clita kasd gubergren, no sea takimata sanctus est Lorem ipsum dolor sit amet.', 1, 'Lorem ipsum dolor sit amet, consetetur sadipscing elitr, sed diam nonumy eirmod tempor invidunt ut labore et dolore magna aliquyam erat, sed diam voluptua. At vero eos et accusam et justo duo dolores et ea rebum. Stet clita kasd gubergren, no sea takimata sanctus est Lorem ipsum dolor sit amet. Lorem ipsum dolor sit amet, consetetur sadipscing elitr, sed diam nonumy eirmod tempor invidunt ut labore et dolore magna aliquyam erat, sed diam voluptua. At vero eos et accusam et justo duo dolores et ea rebum. Stet clita kasd gubergren, no sea takimata sanctus est Lorem ipsum dolor sit amet.', 2, 'Lorem ipsum dolor sit amet, consetetur sadipscing elitr, sed diam nonumy eirmod tempor invidunt ut labore et dolore magna aliquyam erat, sed diam voluptua. At vero eos et accusam et justo duo dolores et ea rebum. Stet clita kasd gubergren, no sea takimata sanctus est Lorem ipsum dolor sit amet. Lorem ipsum dolor sit amet, consetetur sadipscing elitr, sed diam nonumy eirmod tempor invidunt ut labore et dolore magna aliquyam erat, sed diam voluptua. At vero eos et accusam et justo duo dolores et ea rebum. Stet clita kasd gubergren, no sea takimata sanctus est Lorem ipsum dolor sit amet.', 'www.test.de', 'Lorem ipsum dolor sit amet, consetetur sadipscing elitr, sed diam nonumy eirmod tempor invidunt ut labore et dolore magna aliquyam erat, sed diam voluptua. At vero eos et accusam et justo duo dolores et ea rebum. Stet clita kasd gubergren, no sea takimata sanctus est Lorem ipsum dolor sit amet. Lorem ipsum dolor sit amet, consetetur sadipscing elitr, sed diam nonumy eirmod tempor invidunt ut labore et dolore magna aliquyam erat, sed diam voluptua. At vero eos et accusam et justo duo dolores et ea rebum. Stet clita kasd gubergren, no sea takimata sanctus est Lorem ipsum dolor sit amet.', '2013-04-02', 3, 2, 1),
(3, 'www.troll.de', 'Testdatensatz2', 'Ipsum Lorem', 'Lorem ipsum dolor sit amet, consetetur sadipscing elitr, sed diam nonumy eirmod tempor invidunt ut labore et dolore magna aliquyam erat, sed diam voluptua. At vero eos et accusam et justo duo dolores et ea rebum. Stet clita kasd gubergren, no sea takimata sanctus est Lorem ipsum dolor sit amet. Lorem ipsum dolor sit amet, consetetur sadipscing elitr, sed diam nonumy eirmod tempor invidunt ut labore et dolore magna aliquyam erat, sed diam voluptua. At vero eos et accusam et justo duo dolores et ea rebum. Stet clita kasd gubergren, no sea takimata sanctus est Lorem ipsum dolor sit amet.', 3, 'Lorem ipsum dolor sit amet, consetetur sadipscing elitr, sed diam nonumy eirmod tempor invidunt ut labore et dolore magna aliquyam erat, sed diam voluptua. At vero eos et accusam et justo duo dolores et ea rebum. Stet clita kasd gubergren, no sea takimata sanctus est Lorem ipsum dolor sit amet. Lorem ipsum dolor sit amet, consetetur sadipscing elitr, sed diam nonumy eirmod tempor invidunt ut labore et dolore magna aliquyam erat, sed diam voluptua. At vero eos et accusam et justo duo dolores et ea rebum. Stet clita kasd gubergren, no sea takimata sanctus est Lorem ipsum dolor sit amet.', 2, 'Lorem ipsum dolor sit amet, consetetur sadipscing elitr, sed diam nonumy eirmod tempor invidunt ut labore et dolore magna aliquyam erat, sed diam voluptua. At vero eos et accusam et justo duo dolores et ea rebum. Stet clita kasd gubergren, no sea takimata sanctus est Lorem ipsum dolor sit amet. Lorem ipsum dolor sit amet, consetetur sadipscing elitr, sed diam nonumy eirmod tempor invidunt ut labore et dolore magna aliquyam erat, sed diam voluptua. At vero eos et accusam et justo duo dolores et ea rebum. Stet clita kasd gubergren, no sea takimata sanctus est Lorem ipsum dolor sit amet.', 'www.hallo.de', 'Lorem ipsum dolor sit amet, consetetur sadipscing elitr, sed diam nonumy eirmod tempor invidunt ut labore et dolore magna aliquyam erat, sed diam voluptua. At vero eos et accusam et justo duo dolores et ea rebum. Stet clita kasd gubergren, no sea takimata sanctus est Lorem ipsum dolor sit amet. Lorem ipsum dolor sit amet, consetetur sadipscing elitr, sed diam nonumy eirmod tempor invidunt ut labore et dolore magna aliquyam erat, sed diam voluptua. At vero eos et accusam et justo duo dolores et ea rebum. Stet clita kasd gubergren, no sea takimata sanctus est Lorem ipsum dolor sit amet.', '2013-04-02', 3, 3, 1);

-- --------------------------------------------------------

--
-- Table structure for table `frameworks`
--

CREATE TABLE IF NOT EXISTS `frameworks` (
  `id` int(11) NOT NULL AUTO_INCREMENT,
  `name` text NOT NULL,
  `rating` int(11) NOT NULL,
  `created` date NOT NULL,
  `link` varchar(100) NOT NULL,
  `pic` varchar(100) NOT NULL,
  PRIMARY KEY (`id`)
) ENGINE=InnoDB  DEFAULT CHARSET=latin1 AUTO_INCREMENT=6 ;

--
-- Dumping data for table `frameworks`
--

INSERT INTO `frameworks` (`id`, `name`, `rating`, `created`, `link`, `pic`) VALUES
(1, 'CakePHP', 0, '2013-04-02', 'http://www.cakephp.de/', 'frameworks/cakephp.png'),
(2, 'Symfony', 0, '2013-04-08', 'http://symfony.com/', 'frameworks/symfony.png'),
(3, 'Grails', 0, '2013-04-02', 'http://grails.org/', 'frameworks/grails.jpg'),
(4, 'Typo3 flow', 0, '2013-04-08', 'http://flow.typo3.org/', 'frameworks/typo3_flow.png'),
(5, 'Node.js', 0, '2013-04-08', 'http://nodejs.org/', 'frameworks/node_js.png');

-- --------------------------------------------------------

--
-- Table structure for table `registrationkeys`
--

CREATE TABLE IF NOT EXISTS `registrationkeys` (
  `id` int(11) NOT NULL AUTO_INCREMENT,
  `key` varchar(6) NOT NULL,
  PRIMARY KEY (`id`)
) ENGINE=InnoDB  DEFAULT CHARSET=latin1 AUTO_INCREMENT=2 ;

--
-- Dumping data for table `registrationkeys`
--

INSERT INTO `registrationkeys` (`id`, `key`) VALUES
(1, 'wbg213');

-- --------------------------------------------------------

--
-- Table structure for table `users`
--

CREATE TABLE IF NOT EXISTS `users` (
  `id` int(10) NOT NULL AUTO_INCREMENT,
  `username` varchar(50) NOT NULL,
  `email` text NOT NULL,
  `password` varchar(50) NOT NULL,
  `role` varchar(20) NOT NULL,
  `semester` int(10) NOT NULL,
  `course` varchar(30) NOT NULL,
  `created` datetime NOT NULL,
  `pic` text NOT NULL,
  PRIMARY KEY (`id`)
) ENGINE=InnoDB  DEFAULT CHARSET=latin1 AUTO_INCREMENT=66 ;

--
-- Dumping data for table `users`
--

INSERT INTO `users` (`id`, `username`, `email`, `password`, `role`, `semester`, `course`, `created`, `pic`) VALUES
(1, 'admin', '', '1008812820791a6e7a936ea0c5e186eb3e2dc94b', 'admin', 0, '', '2013-03-27 14:14:44', 'uploads/b15.png'),
(61, 'Testuser1', '', '6703f76752a957217075d51e2d3b1fe23be921f6', 'author', 5, 'Technische Informatik', '2013-04-02 18:31:44', 'uploads/catweazle.jpg'),
(62, 'Testuser2', '', '6703f76752a957217075d51e2d3b1fe23be921f6', 'author', 0, 'Medieninformatik', '2013-04-02 18:37:16', 'uploads/004_cycling_cartoon_2011.jpg'),
(63, 'Marc', '', '6703f76752a957217075d51e2d3b1fe23be921f6', 'author', 0, '', '2013-04-04 17:21:51', 'default.png'),
(64, 'Peter', '', '6703f76752a957217075d51e2d3b1fe23be921f6', 'author', 0, '', '2013-04-05 15:49:34', 'default.png'),
(65, 'jan', '', '66b77e12f59ec0c2101345af70021eb9c5c617cd', 'author', 0, '', '2013-04-08 17:57:50', 'default.png');

/*!40101 SET CHARACTER_SET_CLIENT=@OLD_CHARACTER_SET_CLIENT */;
/*!40101 SET CHARACTER_SET_RESULTS=@OLD_CHARACTER_SET_RESULTS */;
/*!40101 SET COLLATION_CONNECTION=@OLD_COLLATION_CONNECTION */;
